{"cameraMode":{"drawMode":0,"name":"Shaded","section":"Shading Mode"},"sceneLighting":true,"audioPlay":false,"sceneViewState":{"showFog":true,"showMaterialUpdate":false,"showSkybox":true,"showFlares":true,"showImageEffects":true,"showParticleSystems":true},"in2DMode":false,"pivot":{"x":0.2486308217048645,"y":0.5754756927490234,"z":-0.13328903913497926},"rotation":{"x":0.419587105512619,"y":0.05471038445830345,"z":-0.025315238162875177,"w":0.9057658910751343},"size":20.847591400146486,"orthographic":false}